학번,학생이름,전화번호,주소,학년,학과,학과명,교과교수
S0001,갈한수,010-5304-0722,경남 김해시 어방동 1088-7,3,008,미술학,필리스
S0002,강이찬,010-2991-2185,강원도 속초시 대포동 956-5,1,006,영어영문,권오순
S0003,개원훈,010-7731-9754,경북 영천시 문외동 38-3번,1,009,고전음악학,파파로티
S0004,경시현,010-4307-4367,서울시 구로구 구로동 3-35번지,1,006,영어영문,권오순
S0005,공동영,010-9559-6323,강원도 동해시 천곡동 1077-3,2,010,정보통신공학,최양록
S0006,기대연,010-2528-4830,대구 수성구 수성3가 322-1번지,2,002,전자공학,이철기
S0007,기원호,010-1533-3267,울산시 울주군 서생면 간절곶해안길 205,3,005,국어국문,백석기
S0008,기은성,010-5196-8444,거제시 장승포동 702-4,2,008,미술학,필리스
S0009,나한율,010-2291-7659,경기도 이천시 창전동 166-13번지,2,009,고전음악학,파파로티
S0010,남동예,010-6063-5819,경남 밀양시 내일동 649-7,4,009,고전음악학,파파로티
S0011,낭시우,010-1458-7653,경기도 파주시 문산읍 문산리 61-35번지,3,001,컴퓨터공학,토발즈
S0012,내세원,010-2751-1574,충북 증평군 증평읍 창동리 65번지,2,001,컴퓨터공학,토발즈
S0013,뇌성수,010-3428-4944,제주시 연동 1482번지,2,005,국어국문,백석기
S0014,단수혁,010-1422-4379,울산시 남구 옥동 143-12,1,004,관광학,이한우
S0015,담성민,010-6722-3282,강원도 속초시 중앙로 150-1,1,009,고전음악학,파파로티
S0016,담원준,010-7310-6640,전남 나주시 대호동 1029-2,4,009,고전음악학,파파로티
S0017,담장호,010-1800-3757,경북 구미시 옥계동 840번지,1,008,미술학,필리스
S0018,독고예준,010-5935-8796,경기도 이천시 신둔면 용면리 120번지,3,010,정보통신공학,최양록
S0019,돈송혁,010-1720-0652,충북 충주시 가금면 용전리 92번지,4,002,전자공학,이철기
S0020,돈재현,010-5290-6986,제주특별자치도 서귀포시 대정읍 상모리 133-8 번지,2,006,영어영문,권오순
S0021,두동환,010-5050-0134,경기도 파주시 금촌동 987-6번지,1,009,고전음악학,파파로티
S0022,두채훈,010-2396-1930,제주특별자치도 서귀포시 대정읍 상모리 133 번지,2,001,컴퓨터공학,토발즈
S0023,명윤일,010-3772-8249,서울시 강서구 화곡동 1006-9,2,010,정보통신공학,최양록
S0024,모재원,010-1229-3540,서울시 강서구 가양동 1479-9,2,006,영어영문,권오순
S0025,문은진,010-5274-8699,인천시 서구 검암동 606-7,4,010,정보통신공학,최양록
S0026,박수혁,010-2469-4246,경기도 화성시 능동 445-2,2,004,관광학,이한우
S0027,방윤후,010-7080-0029,경기도 고양시 일산동구 장항동 86,4,001,컴퓨터공학,토발즈
S0028,방채호,010-1430-0141,서울시 관악구 신림동 1640-3,4,006,영어영문,권오순
S0029,배세준,010-1339-6282,경기도 양평군 양평읍 양근리 201-15,2,010,정보통신공학,최양록
S0030,배채호,010-4292-5654,대구시 동구 율하동 1223,2,002,전자공학,이철기
S0031,변재호,010-3993-7792,전북 부안군 변산면 격포리 290-1,3,006,영어영문,권오순
S0032,복재민,010-5925-0734,강원도 원주시 행구동 1847-3,2,001,컴퓨터공학,토발즈
S0033,복준완,010-8206-5543,충남 아산시 배방읍 복수리 1019,2,002,전자공학,이철기
S0034,비현호,010-6726-6650,울산시 동구 서부동 113-48,2,010,정보통신공학,최양록
S0035,빈성희,010-7769-2540,경기도 화성시 봉담읍 동화리 113-1번지,3,002,전자공학,이철기
S0036,사성준,010-8864-4370,경남 창원시 대방동 자양로 136,4,001,컴퓨터공학,토발즈
S0037,사원혁,010-5029-3213,서울시 도봉구 쌍문동 45-8,1,003,법학,킹스필드
S0038,사원호,010-1831-0717,경남 창원시 진해구 이동 464-2번지,2,002,전자공학,이철기
S0039,삼윤후,010-7911-0380,인천시 연수구 동춘동 926번지,3,010,정보통신공학,최양록
S0040,삼찬후,010-3810-1761,경북 경주시 성건동 684-9번지,2,007,무역학,심하군
S0041,석서훈,010-7221-5167,전남 구례군 산동면 좌사리 110-1,2,002,전자공학,이철기
S0042,성성율,010-6385-5889,서울시 강북구 미아동 838-4번지,3,001,컴퓨터공학,토발즈
S0043,소대권,010-5805-9711,경기도 성남시 분당구 삼평동 741,2,003,법학,킹스필드
S0044,소윤수,010-5022-5760,경남 김해시 장유면 관동리 1101-1번지,2,001,컴퓨터공학,토발즈
S0045,순대영,010-7426-6957,경기도 과천시 막계동 33,2,005,국어국문,백석기
S0046,신찬영,010-6795-3728,충남 아산시 배방읍 장래리 1760 ,4,010,정보통신공학,최양록
S0047,심장호,010-8225-7721,광주시 서구 치평동 1223-3,3,002,전자공학,이철기
S0048,아동은,010-6889-3923,경기도 파주시 동패동 56,2,001,컴퓨터공학,토발즈
S0049,야유신,010-5172-4561,경기도 일산시 서구 대화동 2606,1,006,영어영문,권오순
S0050,양동인,010-8391-3875,광주시 남구 진월동 259번지,2,001,컴퓨터공학,토발즈
S0051,양은성,010-2278-3420,부산시 동래구 명륜동 569-12,3,008,미술학,필리스
S0052,어민기,010-3556-0417,전북 김제시 검산동 844,1,007,무역학,심하군
S0053,엄은진,010-8684-2237,경기도 용인시 처인구 김량장동 23-1번지,2,005,국어국문,백석기
S0054,여동은,010-8680-2117,충남 천안시 석북구 백석동 878번지,4,003,법학,킹스필드
S0055,여민국,010-6787-5814,경기도 수원시 권선구 금곡동 572-5,1,005,국어국문,백석기
S0056,연연재,010-3172-1969,서울시 영등포구 여의도동 23번지,4,010,정보통신공학,최양록
S0057,옥원준,010-4735-9188,강원도 원주시 문막읍 동화리 113번지,1,004,관광학,이한우
S0058,옥채훈,010-4131-7443,서울시 광진구 구의동 611번지,1,002,전자공학,이철기
S0059,옹효성,010-4610-1496,충남 공주시 중동 67-3번지,3,002,전자공학,이철기
S0060,운윤태,010-2696-8494,인천시 서구 마전동 621-5,1,006,영어영문,권오순
S0061,원성빈,010-9071-0830,울산시 동구 서부동 315-34,2,009,고전음악학,파파로티
S0062,유민국,010-9714-1517,경기도 수원시 천천동 528-1,2,002,전자공학,이철기
S0063,유성율,010-5369-4390,충남 공주시 신관동 191-7번지,3,006,영어영문,권오순
S0064,유준호,010-8092-8135,경기도 안산시 상록구 본오동 874-11,4,002,전자공학,이철기
S0065,은채혁,010-3135-2354,충남 아산시 탕정면 명암리 931-1,1,009,고전음악학,파파로티
S0066,은현준,010-5697-2786,대전시 서구 도안동 963번지,2,010,정보통신공학,최양록
S0067,이윤진,010-3242-9158,전남 여수시 종화동 470,4,003,법학,킹스필드
S0068,전동원,010-8813-5385,인천시 송도 커넬워크 3동,3,010,정보통신공학,최양록
S0069,점재민,010-8158-5446,울산시 중구 태화동 593-17,2,004,관광학,이한우
S0070,제갈동연,010-6438-2553,경기도 고양시 일산구 주엽2동 22번지,3,006,영어영문,권오순
S0071,제동희,010-9649-6342,경기도 용인시 기흥구 보라동 579-2,1,008,미술학,필리스
S0072,제민기,010-2296-4761,부산시 해운대구 좌동 1270-5 103호,4,004,관광학,이한우
S0073,제영후,010-3921-6512,경북 경주시 천군동 206-3,4,001,컴퓨터공학,토발즈
S0074,제유상,010-7259-2719,경기도 남양주시 별내면 화점리 58-65,4,009,고전음악학,파파로티
S0075,지승현,010-2635-6444,충남 천안시 불당동 아산신도시 222,3,007,무역학,심하군
S0076,진대원,010-4243-2931,부산시 연제구 연산동728-1번지,1,006,영어영문,권오순
S0077,진대윤,010-3734-9971,경기도 가평군 청평면 대성리 399-103,1,006,영어영문,권오순
S0078,진동혜,010-8691-3462,대전시 서구 도마동 29-32번지,3,006,영어영문,권오순
S0079,진승우,010-9007-7941,인천시 계양구 임학동 67-9,2,005,국어국문,백석기
S0080,진승일,010-1425-2611,경기도 수원시 영통구 광교신도시 2-51-1,1,001,컴퓨터공학,토발즈
S0081,진승환,010-1528-1038,인천시 연수구 선학동 406-5번지,2,009,고전음악학,파파로티
S0082,초시민,010-8781-2514,서울시 동대문구 전농동 30-3,4,010,정보통신공학,최양록
S0083,초원혁,010-7711-9316,광주시 북구 운암동1044-2번지,3,008,미술학,필리스
S0084,초재현,010-5221-9220,광주시 서구 금호동 762-5번지,2,007,무역학,심하군
S0085,최장현,010-6771-3413,경북 경주시 북군동 57-24,4,005,국어국문,백석기
S0086,춘대권,010-9075-4615,충남 부여군 부여읍 구아리 96-4,1,002,전자공학,이철기
S0087,춘인규,010-5571-6096,경남 진주시 상대동 300-59번지,3,008,미술학,필리스
S0088,춘찬영,010-7016-1352,울산시 중구 옥교동 95,1,010,정보통신공학,최양록
S0089,판한수,010-1878-7622,서울시 종로구 관철동 5-13 1층,1,001,컴퓨터공학,토발즈
S0090,평윤섭,010-6360-1197,인천시 연수구 동춘동 937-3번지,3,008,미술학,필리스
S0091,풍동해,010-9297-5183,서울시 중구 신당동 140-10 1층,1,004,관광학,이한우
S0092,피태영,010-8126-5749,경기도 부천 원미구 상동 539-1 4층,3,003,법학,킹스필드
S0093,필영후,010-7342-6731,서울시 서대문구 성산로 250번지,4,006,영어영문,권오순
S0094,하재찬,010-3011-1260,대구시 달서구 감삼동 452-3,1,003,법학,킹스필드
S0095,함민서,010-6971-4360,경기도 수원시 영통구 광교신도시 13,3,010,정보통신공학,최양록
S0096,해송혁,010-3033-7845,전남 목포시 용당동 1088-8,1,001,컴퓨터공학,토발즈
S0097,허시후,010-9173-6529,경남 거창군 거창읍 상림리 825번지,2,003,법학,킹스필드
S0098,황원혁,010-9303-3257,울산시 남구 달동 130-3번지,1,003,법학,킹스필드
S0099,흥동현,010-4768-8197,서울시 양천구 신정동 1183-9,3,004,관광학,이한우
S0100,흥은성,010-4241-1754,경북 구미시 봉곡동 204-1,4,009,고전음악학,파파로티
